{"cpu_time": 0.0, "wallclock_time": 0.0004436969757080078, "evaluations": 0, "cost": 2147483648, "incumbent": ["distill_epochs='17'", "fallback='True'", "lambda_fedprox='5.885408440420756e-06'", "lambda_outlier='4.423175970753882'", "local_epochs='7'", "local_optimizer=''Adam''", "mixture_coefficients_base='0.8964526251226711'", "adam_lr='0.010850890182539989'"], "origin": "Random initial design."}
{"cpu_time": 5510.040812253952, "wallclock_time": 5510.723472118378, "evaluations": 1, "cost": 0.30210000000000004, "incumbent": ["distill_epochs='8'", "fallback='True'", "lambda_fedprox='0.015348973324356988'", "lambda_outlier='8.075520056206743'", "local_epochs='3'", "local_optimizer=''Adam''", "mixture_coefficients_base='0.8211634520174331'", "adam_lr='0.01427769171272263'"], "origin": "Random initial design."}
{"cpu_time": 37323.80292057991, "wallclock_time": 12171.362312555313, "evaluations": 5, "cost": 0.21519999999999995, "incumbent": ["distill_epochs='6'", "fallback='True'", "lambda_fedprox='0.0003603645834186172'", "lambda_outlier='1.2752617342394057'", "local_epochs='3'", "local_optimizer=''Adam''", "mixture_coefficients_base='0.129747171743525'", "adam_lr='0.00045250731506834316'"], "origin": "Random initial design."}
{"cpu_time": 63972.294751644135, "wallclock_time": 13606.734273195267, "evaluations": 7, "cost": 0.18520000000000003, "incumbent": ["distill_epochs='7'", "fallback='True'", "lambda_fedprox='0.11105489457378168'", "lambda_outlier='4.783238014581265'", "local_epochs='12'", "local_optimizer=''SGD''", "mixture_coefficients_base='0.13570419311793402'", "sgd_lr='0.0011034948675048123'"], "origin": "Random initial design."}
{"cpu_time": 318929.5691847801, "wallclock_time": 53905.736557245255, "evaluations": 21, "cost": 0.1473, "incumbent": ["distill_epochs='20'", "fallback='False'", "lambda_fedprox='2.2726283533817915e-06'", "lambda_outlier='6.896633624757702'", "local_epochs='19'", "local_optimizer=''Adam''", "mixture_coefficients_base='0.09768192773741598'", "adam_lr='7.130720241008983e-05'"], "origin": "Local Search"}
{"cpu_time": 357164.494525671, "wallclock_time": 66965.44362807274, "evaluations": 24, "cost": 0.08979999999999999, "incumbent": ["distill_epochs='6'", "fallback='True'", "lambda_fedprox='0.0003603645834186172'", "lambda_outlier='1.2752617342394057'", "local_epochs='3'", "local_optimizer=''Adam''", "mixture_coefficients_base='0.129747171743525'", "adam_lr='0.00045250731506834316'"], "origin": "Random initial design."}
