{"cpu_time": 0.0, "wallclock_time": 0.0007085800170898438, "evaluations": 0, "cost": 2147483648, "incumbent": {"distill_epochs": 6, "fallback": true, "lambda_fedprox": 8.359033533773522, "lambda_outlier": 2.5289798254823137, "local_epochs": 18, "local_optimizer": "SGD", "mixture_coefficients_base": 0.9899010080001343, "sgd_lr": 2.815583323990573e-05}, "budget": 0, "origin": "Random initial design."}
{"cpu_time": 1881.789014339447, "wallclock_time": 1882.9148161411285, "evaluations": 1, "cost": 0.8991, "incumbent": {"distill_epochs": 1, "fallback": false, "lambda_fedprox": 3.3151055257401377e-06, "lambda_outlier": 5.5709070902694515, "local_epochs": 3, "local_optimizer": "SGD", "mixture_coefficients_base": 0.6677888333050678, "sgd_lr": 0.0004766798233622692}, "budget": 5.555555555555555, "origin": "Random initial design."}
{"cpu_time": 6402.881882429123, "wallclock_time": 4521.721204042435, "evaluations": 2, "cost": 0.35009999999999997, "incumbent": {"distill_epochs": 1, "fallback": true, "lambda_fedprox": 1.7369970296231634, "lambda_outlier": 5.981668804046744, "local_epochs": 18, "local_optimizer": "Adam", "mixture_coefficients_base": 0.7694469146832346, "adam_lr": 0.00015454552448987047}, "budget": 5.555555555555555, "origin": "Random initial design."}
{"cpu_time": 17689.05571937561, "wallclock_time": 7160.826490879059, "evaluations": 4, "cost": 0.25770000000000004, "incumbent": {"distill_epochs": 3, "fallback": true, "lambda_fedprox": 0.28288233851120237, "lambda_outlier": 3.083044547323709, "local_epochs": 12, "local_optimizer": "SGD", "mixture_coefficients_base": 0.6612467885619547, "sgd_lr": 0.007100848760084075}, "budget": 5.555555555555555, "origin": "Random initial design."}
{"cpu_time": 80006.58075785637, "wallclock_time": 18636.5306289196, "evaluations": 11, "cost": 0.11329999999999996, "incumbent": {"distill_epochs": 20, "fallback": true, "lambda_fedprox": 0.0017007791814045744, "lambda_outlier": 5.489600577546083, "local_epochs": 16, "local_optimizer": "Adam", "mixture_coefficients_base": 0.5852322050948746, "adam_lr": 0.0004222145660849264}, "budget": 5.555555555555555, "origin": "Random initial design."}
{"cpu_time": 172765.54642415047, "wallclock_time": 33274.3166885376, "evaluations": 18, "cost": 0.17900000000000005, "incumbent": {"distill_epochs": 3, "fallback": true, "lambda_fedprox": 0.28288233851120237, "lambda_outlier": 3.083044547323709, "local_epochs": 12, "local_optimizer": "SGD", "mixture_coefficients_base": 0.6612467885619547, "sgd_lr": 0.007100848760084075}, "budget": 16.666666666666664, "origin": "Random initial design."}
{"cpu_time": 373207.6099245548, "wallclock_time": 64464.40211892128, "evaluations": 27, "cost": 0.10519999999999996, "incumbent": {"distill_epochs": 20, "fallback": true, "lambda_fedprox": 0.0017007791814045744, "lambda_outlier": 5.489600577546083, "local_epochs": 16, "local_optimizer": "Adam", "mixture_coefficients_base": 0.5852322050948746, "adam_lr": 0.0004222145660849264}, "budget": 16.666666666666664, "origin": "Random initial design."}
{"cpu_time": 950993.0655286312, "wallclock_time": 197914.29755020142, "evaluations": 45, "cost": 0.16920000000000002, "incumbent": {"distill_epochs": 7, "fallback": true, "lambda_fedprox": 5.3844642442060645e-05, "lambda_outlier": 6.211889467342244, "local_epochs": 15, "local_optimizer": "SGD", "mixture_coefficients_base": 0.5942000429883594, "sgd_lr": 0.0013037374502540425}, "budget": 50.0, "origin": "Random Search"}
