{"cpu_time": 0.0, "wallclock_time": 0.0004367828369140625, "evaluations": 0, "cost": 2147483648, "incumbent": {"distill_epochs": 1, "fallback": false, "lambda_fedprox": 1.3357580975567852e-06, "lambda_outlier": 8.456080950301361, "local_epochs": 12, "local_optimizer": "Adam", "mixture_coefficients_base": 0.13985522540916817, "adam_lr": 7.935443344361188e-05}, "budget": 0, "origin": "Random initial design."}
{"cpu_time": 2289.700380086899, "wallclock_time": 2290.6694021224976, "evaluations": 1, "cost": 0.18489999999999995, "incumbent": {"distill_epochs": 1, "fallback": true, "lambda_fedprox": 0.0014947931989692396, "lambda_outlier": 6.8957490050909875, "local_epochs": 9, "local_optimizer": "Adam", "mixture_coefficients_base": 0.7400546282929988, "adam_lr": 0.000601611613701141}, "budget": 5.555555555555555, "origin": "Random initial design."}
{"cpu_time": 276005.8851146698, "wallclock_time": 44351.267018318176, "evaluations": 23, "cost": 0.16190000000000004, "incumbent": {"distill_epochs": 16, "fallback": true, "lambda_fedprox": 8.764659462661373e-05, "lambda_outlier": 4.425209934539195, "local_epochs": 2, "local_optimizer": "Adam", "mixture_coefficients_base": 0.5587403002272325, "adam_lr": 0.002091936483989666}, "budget": 16.666666666666664, "origin": "Random initial design."}
{"cpu_time": 603606.9910459518, "wallclock_time": 96568.78854870796, "evaluations": 38, "cost": 0.138, "incumbent": {"distill_epochs": 10, "fallback": false, "lambda_fedprox": 0.1592497586150141, "lambda_outlier": 4.108600118968465, "local_epochs": 18, "local_optimizer": "Adam", "mixture_coefficients_base": 0.6330497693222166, "adam_lr": 0.0002819651129877066}, "budget": 16.666666666666664, "origin": "Random Search"}
{"cpu_time": 638892.891376257, "wallclock_time": 108660.37335085869, "evaluations": 39, "cost": 0.12760000000000005, "incumbent": {"distill_epochs": 17, "fallback": true, "lambda_fedprox": 0.23054898844334173, "lambda_outlier": 6.837629727315982, "local_epochs": 3, "local_optimizer": "Adam", "mixture_coefficients_base": 0.07159417297664619, "adam_lr": 0.0001368447256422894}, "budget": 16.666666666666664, "origin": "Local Search"}
{"cpu_time": 858377.8014655113, "wallclock_time": 141748.82718157768, "evaluations": 44, "cost": 0.18110000000000004, "incumbent": {"distill_epochs": 16, "fallback": true, "lambda_fedprox": 8.764659462661373e-05, "lambda_outlier": 4.425209934539195, "local_epochs": 2, "local_optimizer": "Adam", "mixture_coefficients_base": 0.5587403002272325, "adam_lr": 0.002091936483989666}, "budget": 50.0, "origin": "Random initial design."}
