{"cpu_time": 0.0, "wallclock_time": 0.00043487548828125, "evaluations": 0, "cost": 2147483648, "incumbent": {"distill_epochs": 6, "fallback": false, "lambda_fedprox": 5.835046624022204e-05, "lambda_outlier": 6.267875922955241, "local_epochs": 5, "local_optimizer": "SGD", "mixture_coefficients_base": 0.08819444885412342, "sgd_lr": 1.9686970806362817e-05}, "budget": 0, "origin": "Random initial design."}
{"cpu_time": 4109.726634025574, "wallclock_time": 4114.065479755402, "evaluations": 1, "cost": 0.9026, "incumbent": {"distill_epochs": 1, "fallback": true, "lambda_fedprox": 2.012558269743867e-06, "lambda_outlier": 9.548986336294728, "local_epochs": 16, "local_optimizer": "Adam", "mixture_coefficients_base": 0.5576034658203329, "adam_lr": 0.15601206052805178}, "budget": 5.555555555555555, "origin": "Random initial design."}
{"cpu_time": 9333.260850906372, "wallclock_time": 5227.109481573105, "evaluations": 2, "cost": 0.899, "incumbent": {"distill_epochs": 6, "fallback": true, "lambda_fedprox": 3.4584206831939506e-06, "lambda_outlier": 7.0271816296404745, "local_epochs": 9, "local_optimizer": "Adam", "mixture_coefficients_base": 0.9084500016402215, "adam_lr": 2.1059724387543703e-05}, "budget": 5.555555555555555, "origin": "Random initial design."}
{"cpu_time": 30669.809111833572, "wallclock_time": 9022.872014522552, "evaluations": 5, "cost": 0.3778, "incumbent": {"distill_epochs": 6, "fallback": false, "lambda_fedprox": 0.9656118461501056, "lambda_outlier": 0.849000405573076, "local_epochs": 17, "local_optimizer": "Adam", "mixture_coefficients_base": 0.37717944340434806, "adam_lr": 0.00024606786346463637}, "budget": 5.555555555555555, "origin": "Random initial design."}
{"cpu_time": 92986.10785269737, "wallclock_time": 15396.9899559021, "evaluations": 12, "cost": 0.31220000000000003, "incumbent": {"distill_epochs": 12, "fallback": false, "lambda_fedprox": 1.3209875021878668, "lambda_outlier": 9.928136544543095, "local_epochs": 3, "local_optimizer": "Adam", "mixture_coefficients_base": 0.1874210750318508, "adam_lr": 0.0004400063026047161}, "budget": 5.555555555555555, "origin": "Random initial design."}
{"cpu_time": 134004.30908370018, "wallclock_time": 23108.019565343857, "evaluations": 16, "cost": 0.23550000000000004, "incumbent": {"distill_epochs": 17, "fallback": true, "lambda_fedprox": 0.00018217110156348306, "lambda_outlier": 6.377413729134886, "local_epochs": 9, "local_optimizer": "Adam", "mixture_coefficients_base": 0.48628165656421796, "adam_lr": 0.00013588709333481805}, "budget": 5.555555555555555, "origin": "Random Search"}
{"cpu_time": 185913.21936416626, "wallclock_time": 34111.72349023819, "evaluations": 21, "cost": 0.899, "incumbent": {"distill_epochs": 6, "fallback": true, "lambda_fedprox": 3.4584206831939506e-06, "lambda_outlier": 7.0271816296404745, "local_epochs": 9, "local_optimizer": "Adam", "mixture_coefficients_base": 0.9084500016402215, "adam_lr": 2.1059724387543703e-05}, "budget": 16.666666666666664, "origin": "Random initial design."}
{"cpu_time": 204355.94103479385, "wallclock_time": 39254.03517627716, "evaluations": 22, "cost": 0.39649999999999996, "incumbent": {"distill_epochs": 6, "fallback": false, "lambda_fedprox": 0.9656118461501056, "lambda_outlier": 0.849000405573076, "local_epochs": 17, "local_optimizer": "Adam", "mixture_coefficients_base": 0.37717944340434806, "adam_lr": 0.00024606786346463637}, "budget": 16.666666666666664, "origin": "Random initial design."}
{"cpu_time": 742073.6327269077, "wallclock_time": 136163.21451044083, "evaluations": 44, "cost": 0.16400000000000003, "incumbent": {"distill_epochs": 12, "fallback": false, "lambda_fedprox": 1.3209875021878668, "lambda_outlier": 9.928136544543095, "local_epochs": 3, "local_optimizer": "Adam", "mixture_coefficients_base": 0.1874210750318508, "adam_lr": 0.0004400063026047161}, "budget": 16.666666666666664, "origin": "Random initial design."}
{"cpu_time": 834356.1933178902, "wallclock_time": 140641.99333786964, "evaluations": 45, "cost": 0.2519, "incumbent": {"distill_epochs": 6, "fallback": false, "lambda_fedprox": 0.9656118461501056, "lambda_outlier": 0.849000405573076, "local_epochs": 17, "local_optimizer": "Adam", "mixture_coefficients_base": 0.37717944340434806, "adam_lr": 0.00024606786346463637}, "budget": 50.0, "origin": "Random initial design."}
