{"cpu_time": 0.0, "wallclock_time": 0.00043487548828125, "evaluations": 0, "cost": 2147483648, "incumbent": {"distill_epochs": 9, "fallback": false, "lambda_fedprox": 0.0010282600130677472, "lambda_outlier": 9.25900799447411, "local_epochs": 7, "local_optimizer": "Adam", "mixture_coefficients_base": 0.635251577616105, "adam_lr": 0.3172143534830652}, "budget": 0, "origin": "Random initial design."}
{"cpu_time": 4997.0128672122955, "wallclock_time": 4998.675430774689, "evaluations": 1, "cost": 0.8593999999999999, "incumbent": {"distill_epochs": 2, "fallback": true, "lambda_fedprox": 5.4169565389835475, "lambda_outlier": 1.6939084887563949, "local_epochs": 15, "local_optimizer": "SGD", "mixture_coefficients_base": 0.4977048457281623, "sgd_lr": 0.00016756469188306173}, "budget": 5.555555555555555, "origin": "Random initial design."}
{"cpu_time": 27479.16482925415, "wallclock_time": 8474.628328561783, "evaluations": 4, "cost": 0.2904, "incumbent": {"distill_epochs": 9, "fallback": false, "lambda_fedprox": 0.002222235637479901, "lambda_outlier": 8.613276181229796, "local_epochs": 10, "local_optimizer": "SGD", "mixture_coefficients_base": 0.5810868596761247, "sgd_lr": 0.0010603601137087763}, "budget": 5.555555555555555, "origin": "Random initial design."}
{"cpu_time": 37551.39794898033, "wallclock_time": 10074.919739246368, "evaluations": 5, "cost": 0.246, "incumbent": {"distill_epochs": 1, "fallback": true, "lambda_fedprox": 7.53255880290014e-06, "lambda_outlier": 3.427880725069886, "local_epochs": 19, "local_optimizer": "Adam", "mixture_coefficients_base": 0.258901743277409, "adam_lr": 4.350340434860292e-05}, "budget": 5.555555555555555, "origin": "Random initial design."}
{"cpu_time": 198525.9262456894, "wallclock_time": 42689.47882938385, "evaluations": 16, "cost": 0.1754, "incumbent": {"distill_epochs": 19, "fallback": false, "lambda_fedprox": 1.021864392862282e-06, "lambda_outlier": 9.921926891411113, "local_epochs": 1, "local_optimizer": "Adam", "mixture_coefficients_base": 0.16103161383643189, "adam_lr": 0.001205536884900168}, "budget": 5.555555555555555, "origin": "Local Search"}
{"cpu_time": 271205.5815410614, "wallclock_time": 69555.02553796768, "evaluations": 18, "cost": 0.09499999999999997, "incumbent": {"distill_epochs": 1, "fallback": true, "lambda_fedprox": 7.53255880290014e-06, "lambda_outlier": 3.427880725069886, "local_epochs": 19, "local_optimizer": "Adam", "mixture_coefficients_base": 0.258901743277409, "adam_lr": 4.350340434860292e-05}, "budget": 16.666666666666664, "origin": "Random initial design."}
