{"cpu_time": 0.0, "wallclock_time": 0.0004687309265136719, "evaluations": 0, "cost": 2147483648, "incumbent": ["distill_epochs='11'", "fallback='False'", "lambda_fedprox='0.05551524851525097'", "lambda_outlier='6.389218435753463'", "local_epochs='15'", "local_optimizer=''SGD''", "mixture_coefficients_base='0.3928045929402595'", "sgd_lr='0.11790843235068396'"], "origin": "Random initial design."}
{"cpu_time": 1654.4652111530304, "wallclock_time": 1655.0657317638397, "evaluations": 1, "cost": 0.9002, "incumbent": ["distill_epochs='1'", "fallback='False'", "lambda_fedprox='0.0007723759583467632'", "lambda_outlier='2.3237406482866287'", "local_epochs='8'", "local_optimizer=''SGD''", "mixture_coefficients_base='0.9614472218658113'", "sgd_lr='0.00015774608837987924'"], "origin": "Random initial design."}
{"cpu_time": 3686.030723810196, "wallclock_time": 2032.355299949646, "evaluations": 2, "cost": 0.4495, "incumbent": ["distill_epochs='2'", "fallback='True'", "lambda_fedprox='1.461506078463134'", "lambda_outlier='1.6094158271255377'", "local_epochs='3'", "local_optimizer=''Adam''", "mixture_coefficients_base='0.43483681802438245'", "adam_lr='0.0038458315376823935'"], "origin": "Random initial design."}
{"cpu_time": 20327.338708162308, "wallclock_time": 8506.938040971756, "evaluations": 5, "cost": 0.3638, "incumbent": ["distill_epochs='1'", "fallback='False'", "lambda_fedprox='0.00013071808807374528'", "lambda_outlier='0.06751937679136066'", "local_epochs='8'", "local_optimizer=''SGD''", "mixture_coefficients_base='0.26482103282621194'", "sgd_lr='0.17205512361668596'"], "origin": "Random initial design."}
{"cpu_time": 27715.180507183075, "wallclock_time": 9420.239333629608, "evaluations": 6, "cost": 0.20509999999999995, "incumbent": ["distill_epochs='8'", "fallback='False'", "lambda_fedprox='0.003987850207092841'", "lambda_outlier='7.401900267800655'", "local_epochs='8'", "local_optimizer=''SGD''", "mixture_coefficients_base='0.27204795796630266'", "sgd_lr='0.0016065797336347679'"], "origin": "Random initial design."}
{"cpu_time": 93126.39130330086, "wallclock_time": 19766.008624076843, "evaluations": 13, "cost": 0.2723, "incumbent": ["distill_epochs='2'", "fallback='True'", "lambda_fedprox='1.461506078463134'", "lambda_outlier='1.6094158271255377'", "local_epochs='3'", "local_optimizer=''Adam''", "mixture_coefficients_base='0.43483681802438245'", "adam_lr='0.0038458315376823935'"], "origin": "Random initial design."}
