{"cpu_time": 0.0, "wallclock_time": 0.0009663105010986328, "evaluations": 0, "cost": 2147483648, "incumbent": ["distill_epochs='7'", "fallback='False'", "lambda_fedprox='0.004199040470859755'", "lambda_outlier='7.936389567571396'", "local_epochs='11'", "local_optimizer=''SGD''", "mixture_coefficients_base='0.5029787458011559'", "sgd_lr='1.0897487007912217e-05'"], "origin": "Random initial design."}
{"cpu_time": 3546.541957139969, "wallclock_time": 3547.560783147812, "evaluations": 1, "cost": 0.8854, "incumbent": ["distill_epochs='4'", "fallback='True'", "lambda_fedprox='0.07259010035150353'", "lambda_outlier='6.434216458766871'", "local_epochs='3'", "local_optimizer=''SGD''", "mixture_coefficients_base='0.7840793608507879'", "sgd_lr='3.25448042489738e-05'"], "origin": "Random initial design."}
{"cpu_time": 9567.800259113312, "wallclock_time": 6021.805304765701, "evaluations": 2, "cost": 0.22009999999999996, "incumbent": ["distill_epochs='4'", "fallback='True'", "lambda_fedprox='1.2370255276353534e-06'", "lambda_outlier='2.863789883170874'", "local_epochs='6'", "local_optimizer=''Adam''", "mixture_coefficients_base='0.261988723301679'", "adam_lr='0.0005197281797421663'"], "origin": "Random initial design."}
{"cpu_time": 130855.06291890144, "wallclock_time": 21206.486019849777, "evaluations": 14, "cost": 0.10540000000000005, "incumbent": ["distill_epochs='18'", "fallback='True'", "lambda_fedprox='2.1649803073118227e-06'", "lambda_outlier='4.71688140100468'", "local_epochs='5'", "local_optimizer=''Adam''", "mixture_coefficients_base='0.09903707867728773'", "adam_lr='0.00022952696257886292'"], "origin": "Random initial design."}
{"cpu_time": 280142.07205557823, "wallclock_time": 48792.943902254105, "evaluations": 23, "cost": 0.2713, "incumbent": ["distill_epochs='4'", "fallback='True'", "lambda_fedprox='1.2370255276353534e-06'", "lambda_outlier='2.863789883170874'", "local_epochs='6'", "local_optimizer=''Adam''", "mixture_coefficients_base='0.261988723301679'", "adam_lr='0.0005197281797421663'"], "origin": "Random initial design."}
{"cpu_time": 344202.10075068474, "wallclock_time": 67370.87599110603, "evaluations": 26, "cost": 0.1926, "incumbent": ["distill_epochs='12'", "fallback='False'", "lambda_fedprox='0.13173098894385674'", "lambda_outlier='1.128727211401478'", "local_epochs='20'", "local_optimizer=''Adam''", "mixture_coefficients_base='0.6315184999178383'", "adam_lr='0.012454321994436615'"], "origin": "Random initial design."}
{"cpu_time": 442746.9587929249, "wallclock_time": 77133.38628435135, "evaluations": 29, "cost": 0.10340000000000005, "incumbent": ["distill_epochs='18'", "fallback='True'", "lambda_fedprox='2.1649803073118227e-06'", "lambda_outlier='4.71688140100468'", "local_epochs='5'", "local_optimizer=''Adam''", "mixture_coefficients_base='0.09903707867728773'", "adam_lr='0.00022952696257886292'"], "origin": "Random initial design."}
{"cpu_time": 954558.0100872517, "wallclock_time": 173519.61800956726, "evaluations": 45, "cost": 0.08679999999999999, "incumbent": ["distill_epochs='20'", "fallback='True'", "lambda_fedprox='1.0249177591253817e-06'", "lambda_outlier='9.930804647990245'", "local_epochs='5'", "local_optimizer=''Adam''", "mixture_coefficients_base='0.16240468071830472'", "adam_lr='0.00027050910477729903'"], "origin": "Local Search"}
{"cpu_time": 1438305.2504675388, "wallclock_time": 212697.06485319138, "evaluations": 50, "cost": 0.12819999999999998, "incumbent": ["distill_epochs='18'", "fallback='True'", "lambda_fedprox='2.1649803073118227e-06'", "lambda_outlier='4.71688140100468'", "local_epochs='5'", "local_optimizer=''Adam''", "mixture_coefficients_base='0.09903707867728773'", "adam_lr='0.00022952696257886292'"], "origin": "Random initial design."}
