{"cpu_time": 0.0, "wallclock_time": 0.0005779266357421875, "evaluations": 0, "cost": 2147483648, "incumbent": {"distill_epochs": 15, "fallback": true, "lambda_fedprox": 0.006613562439876149, "lambda_outlier": 1.4185618202952477, "local_epochs": 20, "local_optimizer": "Adam", "mixture_coefficients_base": 0.5343563106504526, "adam_lr": 2.1628617440091182e-05}, "budget": 0, "origin": "Random initial design."}
{"cpu_time": 3845.3140065670013, "wallclock_time": 3845.75261759758, "evaluations": 1, "cost": 0.8991, "incumbent": {"distill_epochs": 4, "fallback": true, "lambda_fedprox": 0.00010299794745209409, "lambda_outlier": 7.51507827295667, "local_epochs": 5, "local_optimizer": "Adam", "mixture_coefficients_base": 0.7184389909536217, "adam_lr": 0.13515296190739823}, "budget": 5.555555555555555, "origin": "Random initial design."}
{"cpu_time": 22687.96866583824, "wallclock_time": 7311.7693293094635, "evaluations": 4, "cost": 0.1673, "incumbent": {"distill_epochs": 9, "fallback": false, "lambda_fedprox": 0.02137552146385362, "lambda_outlier": 7.291454339420614, "local_epochs": 14, "local_optimizer": "Adam", "mixture_coefficients_base": 0.8754417144751881, "adam_lr": 0.001520133341962478}, "budget": 5.555555555555555, "origin": "Random initial design."}
{"cpu_time": 137322.88742899895, "wallclock_time": 34930.55707478523, "evaluations": 13, "cost": 0.11750000000000005, "incumbent": {"distill_epochs": 20, "fallback": true, "lambda_fedprox": 2.2844328838599583e-06, "lambda_outlier": 9.34336385671998, "local_epochs": 2, "local_optimizer": "Adam", "mixture_coefficients_base": 0.06847421701993062, "adam_lr": 0.0002506930718118045}, "budget": 5.555555555555555, "origin": "Random Search (sorted)"}
{"cpu_time": 179246.32918596268, "wallclock_time": 39246.9933385849, "evaluations": 15, "cost": 0.09819999999999995, "incumbent": {"distill_epochs": 9, "fallback": false, "lambda_fedprox": 0.02137552146385362, "lambda_outlier": 7.291454339420614, "local_epochs": 14, "local_optimizer": "Adam", "mixture_coefficients_base": 0.8754417144751881, "adam_lr": 0.001520133341962478}, "budget": 16.666666666666664, "origin": "Random initial design."}
