{"cpu_time": 0.0, "wallclock_time": 0.0004527568817138672, "evaluations": 0, "cost": 2147483648, "incumbent": ["distill_epochs='13'", "fallback='False'", "lambda_fedprox='9.477601271344506e-05'", "lambda_outlier='7.295924160633563'", "local_epochs='16'", "local_optimizer=''Adam''", "mixture_coefficients_base='0.5960649508598831'", "adam_lr='0.002212814471630098'"], "origin": "Random initial design."}
