epoch,train_loss,test_acc@1,test_acc@5
1,6.069303395197942,41.19,88.74
2,5.915367681552202,42.17,89.29
3,5.864012356293507,43.75,90.55
4,5.828886951544346,43.71,90.73
5,5.807964026622283,45.08,91.67
6,5.787946468744522,46.54,92.46
7,5.768265817104242,47.64,92.52
