{"cpu_time": 0.0, "wallclock_time": 0.00048661231994628906, "evaluations": 0, "cost": 2147483648, "incumbent": {"distill_epochs": 13, "fallback": false, "lambda_fedprox": 6.35173858318766e-05, "lambda_outlier": 9.926419857894805, "local_epochs": 10, "local_optimizer": "Adam", "mixture_coefficients_base": 0.6530530296225375, "adam_lr": 6.429495028697238e-05}, "budget": 0, "origin": "Random initial design."}
{"cpu_time": 6106.44180727005, "wallclock_time": 6107.09245467186, "evaluations": 1, "cost": 0.902, "incumbent": {"distill_epochs": 6, "fallback": false, "lambda_fedprox": 3.67017509644435, "lambda_outlier": 7.515810408673518, "local_epochs": 9, "local_optimizer": "SGD", "mixture_coefficients_base": 0.5310438724460431, "sgd_lr": 0.2896087839099911}, "budget": 5.555555555555555, "origin": "Random initial design."}
{"cpu_time": 14192.03349328041, "wallclock_time": 8086.30899810791, "evaluations": 2, "cost": 0.8968, "incumbent": {"distill_epochs": 10, "fallback": false, "lambda_fedprox": 3.098631742428976e-06, "lambda_outlier": 0.9268305308932234, "local_epochs": 4, "local_optimizer": "SGD", "mixture_coefficients_base": 0.268522965817103, "sgd_lr": 0.364742628510092}, "budget": 5.555555555555555, "origin": "Random initial design."}
{"cpu_time": 33448.36916542053, "wallclock_time": 9956.371117830276, "evaluations": 4, "cost": 0.38180000000000003, "incumbent": {"distill_epochs": 13, "fallback": false, "lambda_fedprox": 6.35173858318766e-05, "lambda_outlier": 9.926419857894805, "local_epochs": 10, "local_optimizer": "Adam", "mixture_coefficients_base": 0.6530530296225375, "adam_lr": 6.429495028697238e-05}, "budget": 5.555555555555555, "origin": "Random initial design."}
{"cpu_time": 44501.257205963135, "wallclock_time": 11053.164351463318, "evaluations": 5, "cost": 0.10519999999999996, "incumbent": {"distill_epochs": 8, "fallback": true, "lambda_fedprox": 0.03832068262597453, "lambda_outlier": 6.192890108597474, "local_epochs": 20, "local_optimizer": "Adam", "mixture_coefficients_base": 0.3668447635296731, "adam_lr": 0.00025588715159620916}, "budget": 5.555555555555555, "origin": "Random initial design."}
